{"cameraMode":{"drawMode":0,"name":"Shaded","section":"Shading Mode"},"sceneLighting":true,"audioPlay":false,"sceneViewState":{"m_AlwaysRefresh":false,"showFog":true,"showSkybox":true,"showFlares":true,"showImageEffects":true,"showParticleSystems":true,"showVisualEffectGraphs":true,"m_FxEnabled":true},"in2DMode":false,"pivot":{"x":795.8779907226563,"y":398.3223571777344,"z":-817.4802856445313},"rotation":{"x":-0.02880505658686161,"y":-0.00989942904561758,"z":0.0002850275195669383,"w":-0.9995356202125549},"size":32.82643127441406,"orthographic":false}